{
  "properties": {
    "connectionReferences": {
      "shared_excelonlinebusiness": {
        "runtimeSource": "invoker",
        "connection": {
          "connectionReferenceLogicalName": "new_sharedexcelonlinebusiness_5977c"
        },
        "api": {
          "name": "shared_excelonlinebusiness"
        }
      },
      "shared_commondataserviceforapps": {
        "runtimeSource": "embedded",
        "connection": {
          "connectionReferenceLogicalName": "cat_CDSCurrentEnvConnectionReference"
        },
        "api": {
          "name": "shared_commondataserviceforapps"
        }
      }
    },
    "definition": {
      "$schema": "https://schema.management.azure.com/providers/Microsoft.Logic/schemas/2016-06-01/workflowdefinition.json#",
      "contentVersion": "1.0.0.0",
      "parameters": {
        "$connections": {
          "defaultValue": {},
          "type": "Object"
        },
        "$authentication": {
          "defaultValue": {},
          "type": "SecureObject"
        }
      },
      "triggers": {
        "manual": {
          "metadata": {
            "operationMetadataId": "efbb41ff-ebe7-4a80-b03b-756af8b5ba27"
          },
          "type": "Request",
          "kind": "Button",
          "inputs": {
            "schema": {
              "type": "object",
              "properties": {},
              "required": []
            }
          }
        }
      },
      "actions": {
        "List_rows_present_in_a_table": {
          "runAfter": {},
          "metadata": {
            "01KTR2XOZHCQ3YXTKXK5F3ZL2A2345R5HB": "/Data/DataFile_Master.xlsx",
            "operationMetadataId": "af53c3c2-210a-4cf6-81c7-6b80dfed1875",
            "tableId": "{446AE912-3195-4D73-A3AC-4FEB52840667}"
          },
          "type": "OpenApiConnection",
          "inputs": {
            "host": {
              "connectionName": "shared_excelonlinebusiness",
              "operationId": "GetItems",
              "apiId": "/providers/Microsoft.PowerApps/apis/shared_excelonlinebusiness"
            },
            "parameters": {
              "source": "me",
              "drive": "b!tAO86FafAECOuo8ofDUZHpM6zY-Y54dMiTNgm_WrG1NnZsRxEt_sT763PTLVSrr8",
              "file": "01KTR2XOZHCQ3YXTKXK5F3ZL2A2345R5HB",
              "table": "{446AE912-3195-4D73-A3AC-4FEB52840667}",
              "$orderby": "ID"
            },
            "authentication": {
              "type": "Raw",
              "value": "@json(decodeBase64(triggerOutputs().headers['X-MS-APIM-Tokens']))['$ConnectionKey']"
            }
          },
          "runtimeConfiguration": {
            "paginationPolicy": {
              "minimumItemCount": 3000
            }
          }
        },
        "Initialize_vEducation": {
          "runAfter": {
            "List_rows_present_in_a_table": [
              "Succeeded"
            ]
          },
          "metadata": {
            "operationMetadataId": "4c3fbc75-278f-4ed8-904c-7a4b78eba3fb"
          },
          "type": "InitializeVariable",
          "inputs": {
            "variables": [
              {
                "name": "vEducation",
                "type": "integer",
                "value": 0
              }
            ]
          }
        },
        "Apply_to_each": {
          "foreach": "@outputs('List_rows_present_in_a_table')?['body/value']",
          "actions": {
            "Switch_for_Education": {
              "runAfter": {},
              "cases": {
                "Case": {
                  "case": "Basic",
                  "actions": {
                    "Set_variable": {
                      "runAfter": {},
                      "metadata": {
                        "operationMetadataId": "a3111e12-2d57-4004-8e04-5f37f1071a88"
                      },
                      "type": "SetVariable",
                      "inputs": {
                        "name": "vEducation",
                        "value": 0
                      }
                    }
                  }
                },
                "Case_2": {
                  "case": "Graduation",
                  "actions": {
                    "Set_variable_2": {
                      "runAfter": {},
                      "metadata": {
                        "operationMetadataId": "217296b5-e945-4df2-94bc-85e992a41ff9"
                      },
                      "type": "SetVariable",
                      "inputs": {
                        "name": "vEducation",
                        "value": 1
                      }
                    }
                  }
                },
                "Case_3": {
                  "case": "Master",
                  "actions": {
                    "Set_variable_3": {
                      "runAfter": {},
                      "metadata": {
                        "operationMetadataId": "c1bacbfc-362d-4015-8afc-7a6db4a6f1e8"
                      },
                      "type": "SetVariable",
                      "inputs": {
                        "name": "vEducation",
                        "value": 2
                      }
                    }
                  }
                },
                "Case_4": {
                  "case": "PhD",
                  "actions": {
                    "Set_variable_4": {
                      "runAfter": {},
                      "metadata": {
                        "operationMetadataId": "d2335942-e7e2-4be1-97e8-358121ddae99"
                      },
                      "type": "SetVariable",
                      "inputs": {
                        "name": "vEducation",
                        "value": 3
                      }
                    }
                  }
                }
              },
              "default": {
                "actions": {}
              },
              "expression": "@items('Apply_to_each')?['Education']",
              "metadata": {
                "operationMetadataId": "536db4d9-ccc8-4a66-adbc-07831ed96b8d"
              },
              "type": "Switch"
            },
            "Switch_for_Marital_Status": {
              "runAfter": {
                "Switch_for_Education": [
                  "Succeeded"
                ]
              },
              "cases": {
                "Case": {
                  "case": "Together",
                  "actions": {
                    "Set_variable_5": {
                      "runAfter": {},
                      "metadata": {
                        "operationMetadataId": "6503bf69-9297-4d13-87c5-187cf56ea6cf"
                      },
                      "type": "SetVariable",
                      "inputs": {
                        "name": "vMaritalStatus",
                        "value": 0
                      }
                    }
                  }
                },
                "Case_2": {
                  "case": "Single",
                  "actions": {
                    "Set_variable_6": {
                      "runAfter": {},
                      "metadata": {
                        "operationMetadataId": "c69a2b76-309b-4fb1-9749-21fa17aa99e9"
                      },
                      "type": "SetVariable",
                      "inputs": {
                        "name": "vMaritalStatus",
                        "value": 1
                      }
                    }
                  }
                },
                "Case_3": {
                  "case": "Married",
                  "actions": {
                    "Set_variable_9": {
                      "runAfter": {},
                      "metadata": {
                        "operationMetadataId": "2310aa02-f552-45f8-ab44-53f6023732d8"
                      },
                      "type": "SetVariable",
                      "inputs": {
                        "name": "vMaritalStatus",
                        "value": 2
                      }
                    }
                  }
                },
                "Case_4": {
                  "case": "Divorced",
                  "actions": {
                    "Set_variable_8": {
                      "runAfter": {},
                      "metadata": {
                        "operationMetadataId": "213288cc-c8de-4c8f-8330-e707ec3ef060"
                      },
                      "type": "SetVariable",
                      "inputs": {
                        "name": "vMaritalStatus",
                        "value": 3
                      }
                    }
                  }
                },
                "Case_5": {
                  "case": "Widow",
                  "actions": {
                    "Set_variable_7": {
                      "runAfter": {},
                      "metadata": {
                        "operationMetadataId": "0d817b8f-dfe2-410a-8420-d47898c1d5ab"
                      },
                      "type": "SetVariable",
                      "inputs": {
                        "name": "vMaritalStatus",
                        "value": 4
                      }
                    }
                  }
                }
              },
              "default": {
                "actions": {}
              },
              "expression": "@items('Apply_to_each')?['Marital_Status']",
              "metadata": {
                "operationMetadataId": "d33e8f4f-10be-4f2f-b9e8-8492d1abc5eb"
              },
              "type": "Switch"
            },
            "Add_a_new_row": {
              "runAfter": {
                "Switch_for_Marital_Status": [
                  "Succeeded"
                ]
              },
              "metadata": {
                "operationMetadataId": "8641288c-733a-471d-b438-a56eca835532"
              },
              "type": "OpenApiConnection",
              "inputs": {
                "host": {
                  "connectionName": "shared_commondataserviceforapps",
                  "operationId": "CreateRecord",
                  "apiId": "/providers/Microsoft.PowerApps/apis/shared_commondataserviceforapps"
                },
                "parameters": {
                  "entityName": "contacts",
                  "item/lastname": "Load-@{items('Apply_to_each')?['ID']}",
                  "item/address1_city": "Singapore",
                  "item/address1_line1": "Street @{rand(10,1000)} ",
                  "item/telephone1": "@rand(1000000,1700000)",
                  "item/firstname": "Customer",
                  "item/crffa_cif": "@items('Apply_to_each')?['ID']",
                  "item/crffa_csat": "@rand(30,100)",
                  "item/crffa_dateforarticle": 1,
                  "item/crffa_educationalbackground": "@variables('vEducation')",
                  "item/employeeid": "@rand(0,1)",
                  "item/familystatuscode": "@variables('vMaritalStatus')",
                  "item/numberofchildren": "@items('Apply_to_each')?['NoofChildren']",
                  "item/crffa_noofreturns": "@rand(0,10)",
                  "item/crffa_recency": "@items('Apply_to_each')?['Recency']",
                  "item/crffa_revenue": "@items('Apply_to_each')?['Income']",
                  "item/crffa_yearofbirth": "@items('Apply_to_each')?['Year_Birth']"
                },
                "authentication": {
                  "type": "Raw",
                  "value": "@json(decodeBase64(triggerOutputs().headers['X-MS-APIM-Tokens']))['$ConnectionKey']"
                }
              }
            }
          },
          "runAfter": {
            "Initialize_vCounter": [
              "Succeeded"
            ]
          },
          "metadata": {
            "operationMetadataId": "def401d1-b361-4fa0-9548-6a827c2580a4"
          },
          "type": "Foreach"
        },
        "Initialize_vMaritalStatus": {
          "runAfter": {
            "Initialize_vEducation": [
              "Succeeded"
            ]
          },
          "metadata": {
            "operationMetadataId": "b90dcbab-6241-4c05-90f6-159ccc047a75"
          },
          "type": "InitializeVariable",
          "inputs": {
            "variables": [
              {
                "name": "vMaritalStatus",
                "type": "integer",
                "value": 0
              }
            ]
          }
        },
        "Initialize_vCounter": {
          "runAfter": {
            "Initialize_vMaritalStatus": [
              "Succeeded"
            ]
          },
          "metadata": {
            "operationMetadataId": "1d36e0ac-828d-414c-a13e-9edbe6138834"
          },
          "type": "InitializeVariable",
          "inputs": {
            "variables": [
              {
                "name": "vCounter",
                "type": "integer",
                "value": 1
              }
            ]
          }
        }
      }
    },
    "templateName": ""
  },
  "schemaVersion": "1.0.0.0"
}